timestamp,Aussentemperatur,Ist-Temperatur Heizkreis,Ist-Temperatur Warmwasser,Leistungsaufnahme Heizen gesamt,Leistungsaufnahme Heizen pro Tag,Leistungsaufnahme Warmwasser gesamt,Leistungsaufnahme Warmwasser pro Tag,Puffer-Ist-Temperatur,Puffer-Soll-Temperatur,Rücklauf-Temperatur,Soll-Temperatur Heizkreis,Soll-Temperatur Warmwasser,Vorlauf-Temperatur,Wärmemenge Heizen gesamt,Wärmemenge Heizen pro Tag,Wärmemenge Warmwasser gesamt,Wärmemenge Warmwasser pro Tag
1678748749242,11.600000381469727,26.200000762939453,45.400001525878906,520.0,0.0,220.0,0.0,26.200000762939453,24.200000762939453,26.200000762939453,24.200000762939453,47.5,20.799999237060547,971.0,0.0,675.0,0.0
1678749050241,11.5,26.200000762939453,45.400001525878906,520.0,0.0,220.0,0.0,26.200000762939453,24.299999237060547,26.200000762939453,24.299999237060547,47.5,20.799999237060547,971.0,0.0,675.0,0.0
1678749350242,11.5,26.200000762939453,45.29999923706055,520.0,0.0,220.0,0.0,26.200000762939453,24.299999237060547,26.200000762939453,24.299999237060547,47.5,20.799999237060547,971.0,0.0,675.0,0.0
1678749651242,11.5,25.799999237060547,45.20000076293945,520.0,0.0,220.0,0.0,26.200000762939453,24.299999237060547,26.200000762939453,24.299999237060547,47.5,20.799999237060547,971.0,0.0,675.0,0.0
1678749951243,11.5,25.799999237060547,45.099998474121094,520.0,0.0,220.0,0.0,25.799999237060547,24.299999237060547,25.799999237060547,24.299999237060547,47.5,20.799999237060547,971.0,0.0,675.0,0.0
1678750252239,11.5,25.799999237060547,45.0,520.0,0.0,220.0,0.0,25.799999237060547,24.299999237060547,25.799999237060547,24.299999237060547,47.5,20.799999237060547,971.0,0.0,675.0,0.0
1678750552244,11.600000381469727,25.799999237060547,45.0,520.0,0.0,220.0,0.0,25.799999237060547,24.200000762939453,25.799999237060547,24.299999237060547,47.5,19.799999237060547,971.0,0.0,675.0,0.0
1678750852254,11.600000381469727,25.799999237060547,45.0,520.0,0.0,220.0,0.0,26.200000762939453,24.200000762939453,26.200000762939453,24.299999237060547,47.5,19.799999237060547,971.0,0.0,675.0,0.0
1678751153244,11.5,25.799999237060547,45.0,520.0,0.0,220.0,0.0,25.799999237060547,24.299999237060547,25.799999237060547,24.299999237060547,47.5,19.799999237060547,971.0,0.0,675.0,0.0
1678751454240,11.600000381469727,25.799999237060547,45.0,520.0,0.0,220.0,0.0,25.799999237060547,24.200000762939453,25.799999237060547,24.200000762939453,47.5,19.799999237060547,971.0,0.0,675.0,0.0
1678751754242,11.600000381469727,25.799999237060547,44.79999923706055,520.0,0.0,220.0,0.0,25.799999237060547,24.200000762939453,25.799999237060547,24.200000762939453,47.5,19.799999237060547,971.0,0.0,675.0,0.0
1678752055248,11.5,25.799999237060547,44.599998474121094,520.0,0.0,220.0,0.0,25.799999237060547,24.299999237060547,25.799999237060547,24.200000762939453,47.5,19.799999237060547,971.0,0.0,675.0,0.0
1678752356244,11.5,25.799999237060547,44.599998474121094,520.0,0.0,220.0,0.0,25.799999237060547,24.299999237060547,25.799999237060547,24.200000762939453,47.5,19.799999237060547,971.0,0.0,675.0,0.0
1678752657239,11.5,25.399999618530273,44.599998474121094,520.0,0.0,220.0,0.0,25.799999237060547,24.299999237060547,25.799999237060547,24.299999237060547,47.5,18.700000762939453,971.0,0.0,675.0,0.0
1678752958244,11.5,25.399999618530273,44.5,520.0,0.0,220.0,0.0,25.399999618530273,24.299999237060547,25.399999618530273,24.299999237060547,47.5,18.700000762939453,971.0,0.0,675.0,0.0
1678753259277,11.5,25.399999618530273,44.599998474121094,520.0,0.0,220.0,0.0,25.399999618530273,24.299999237060547,25.399999618530273,24.299999237060547,47.5,18.700000762939453,971.0,0.0,675.0,0.0
1678753560252,11.5,25.399999618530273,44.400001525878906,520.0,0.0,220.0,0.0,25.399999618530273,24.299999237060547,25.399999618530273,24.299999237060547,47.5,18.700000762939453,971.0,0.0,675.0,0.0
1678753860255,11.399999618530273,25.399999618530273,44.20000076293945,520.0,0.0,220.0,0.0,25.399999618530273,24.299999237060547,25.399999618530273,24.299999237060547,47.5,18.700000762939453,971.0,0.0,675.0,0.0
1678754161242,11.399999618530273,25.399999618530273,44.099998474121094,520.0,0.0,220.0,0.0,25.399999618530273,24.299999237060547,25.399999618530273,24.299999237060547,47.5,18.700000762939453,971.0,0.0,675.0,0.0
1678754461243,11.5,25.399999618530273,44.099998474121094,520.0,0.0,220.0,0.0,25.399999618530273,24.299999237060547,25.399999618530273,24.299999237060547,47.5,18.700000762939453,971.0,0.0,675.0,0.0
1678754761247,11.300000190734863,25.399999618530273,44.099998474121094,520.0,0.0,220.0,0.0,25.399999618530273,24.399999618530273,25.399999618530273,24.399999618530273,47.5,18.700000762939453,971.0,0.0,675.0,0.0
1678755061248,11.399999618530273,25.399999618530273,44.0,520.0,0.0,220.0,0.0,25.399999618530273,24.299999237060547,25.399999618530273,24.299999237060547,47.5,18.700000762939453,971.0,0.0,675.0,0.0
1678755362245,11.5,25.399999618530273,44.0,520.0,0.0,220.0,0.0,25.399999618530273,24.299999237060547,25.399999618530273,24.299999237060547,47.5,18.700000762939453,971.0,0.0,675.0,0.0
1678755662247,11.399999618530273,25.399999618530273,43.79999923706055,520.0,0.0,220.0,0.0,25.0,24.399999618530273,25.0,24.299999237060547,47.5,17.700000762939453,971.0,0.0,675.0,0.0
1678755963253,11.5,25.399999618530273,43.79999923706055,520.0,0.0,220.0,0.0,25.399999618530273,24.299999237060547,25.399999618530273,24.299999237060547,47.5,17.700000762939453,971.0,0.0,675.0,0.0
1678756264244,11.399999618530273,25.399999618530273,43.70000076293945,520.0,0.0,220.0,0.0,25.399999618530273,24.299999237060547,25.399999618530273,24.299999237060547,47.5,18.700000762939453,971.0,0.0,675.0,0.0
1678756565247,11.399999618530273,25.0,43.70000076293945,520.0,0.0,220.0,0.0,25.399999618530273,24.299999237060547,25.399999618530273,24.299999237060547,47.5,17.700000762939453,971.0,0.0,675.0,0.0
1678756866249,11.399999618530273,25.0,43.70000076293945,520.0,0.0,220.0,0.0,25.0,24.299999237060547,25.0,24.299999237060547,47.5,17.700000762939453,971.0,0.0,675.0,0.0
1678757167238,11.300000190734863,25.0,43.70000076293945,520.0,0.0,220.0,0.0,25.0,24.399999618530273,25.0,24.299999237060547,47.5,17.700000762939453,971.0,0.0,675.0,0.0
1678757467243,11.300000190734863,25.0,43.70000076293945,520.0,0.0,220.0,0.0,25.0,24.399999618530273,25.0,24.399999618530273,47.5,17.700000762939453,971.0,0.0,675.0,0.0
1678757767252,11.199999809265137,25.0,43.5,520.0,0.0,220.0,0.0,25.0,24.5,25.0,24.5,47.5,17.700000762939453,971.0,0.0,675.0,0.0
1678758068238,11.199999809265137,25.0,43.400001525878906,520.0,0.0,220.0,0.0,25.0,24.5,25.0,24.5,47.5,17.700000762939453,971.0,0.0,675.0,0.0
1678758368243,11.199999809265137,25.0,43.29999923706055,520.0,0.0,220.0,0.0,25.0,24.5,25.0,24.5,47.5,17.700000762939453,971.0,0.0,675.0,0.0
1678758669240,11.199999809265137,25.0,43.29999923706055,520.0,0.0,220.0,0.0,25.0,24.5,25.0,24.5,47.5,17.700000762939453,971.0,0.0,675.0,0.0
1678758969249,11.199999809265137,25.0,43.29999923706055,520.0,0.0,220.0,0.0,25.0,24.5,25.0,24.600000381469727,47.5,16.700000762939453,971.0,0.0,675.0,0.0
1678759269250,11.199999809265137,25.0,43.29999923706055,520.0,0.0,220.0,0.0,25.0,24.5,25.0,24.5,47.5,16.700000762939453,971.0,0.0,675.0,0.0
1678759570247,11.100000381469727,24.5,43.20000076293945,520.0,0.0,220.0,0.0,25.0,24.600000381469727,25.0,24.5,47.5,16.700000762939453,971.0,0.0,675.0,0.0
1678759871244,11.100000381469727,24.5,43.20000076293945,520.0,0.0,220.0,0.0,24.5,24.600000381469727,24.5,24.600000381469727,47.5,16.700000762939453,971.0,0.0,675.0,0.0
1678760171245,11.100000381469727,25.0,43.0,520.0,0.0,220.0,0.0,24.5,24.600000381469727,24.5,24.600000381469727,47.5,16.700000762939453,971.0,0.0,675.0,0.0
1678760472245,11.100000381469727,25.0,43.099998474121094,520.0,0.0,220.0,0.0,25.0,24.600000381469727,25.0,24.600000381469727,47.5,16.700000762939453,971.0,0.0,675.0,0.0
1678760773248,11.100000381469727,24.5,42.900001525878906,520.0,0.0,220.0,0.0,24.5,24.600000381469727,24.5,24.600000381469727,47.5,16.700000762939453,971.0,0.0,675.0,0.0
1678761074250,11.100000381469727,24.5,42.900001525878906,520.0,0.0,220.0,0.0,25.0,24.600000381469727,25.0,24.600000381469727,47.5,16.700000762939453,971.0,0.0,675.0,0.0
1678761375245,11.100000381469727,24.5,42.79999923706055,520.0,0.0,220.0,0.0,24.5,24.600000381469727,24.5,24.600000381469727,47.5,16.700000762939453,971.0,0.0,675.0,0.0
1678761676243,11.100000381469727,24.5,42.900001525878906,520.0,0.0,220.0,0.0,24.5,24.600000381469727,24.5,24.700000762939453,47.5,16.700000762939453,971.0,0.0,675.0,0.0
1678761977247,11.100000381469727,24.5,42.79999923706055,520.0,0.0,220.0,0.0,24.5,24.600000381469727,24.5,24.600000381469727,47.5,16.700000762939453,971.0,0.0,675.0,0.0
1678762277249,11.100000381469727,24.5,42.79999923706055,520.0,0.0,220.0,0.0,24.5,24.600000381469727,24.5,24.600000381469727,47.5,16.700000762939453,971.0,0.0,675.0,0.0
1678762577250,11.100000381469727,24.5,42.400001525878906,520.0,0.0,220.0,0.0,24.5,24.600000381469727,24.5,24.600000381469727,47.5,38.900001525878906,971.0,0.0,675.0,0.0
1678762878243,11.100000381469727,24.5,42.400001525878906,520.0,0.0,220.0,0.0,24.5,24.600000381469727,24.5,24.600000381469727,47.5,43.5,971.0,0.0,675.0,0.0
1678763178249,11.199999809265137,24.5,42.400001525878906,520.0,0.0,220.0,0.0,25.0,24.5,25.0,24.5,47.5,46.099998474121094,971.0,0.0,675.0,0.0
1678763479247,11.100000381469727,24.5,42.400001525878906,520.0,0.0,220.0,0.0,24.5,24.600000381469727,24.5,24.5,47.5,47.20000076293945,971.0,0.0,675.0,0.0
1678763779249,11.100000381469727,25.0,42.400001525878906,520.0,0.0,220.0,0.0,24.5,24.600000381469727,24.5,24.5,47.5,48.400001525878906,971.0,0.0,675.0,0.0
1678764080243,11.100000381469727,25.0,42.20000076293945,520.0,0.0,220.0,0.0,25.0,24.600000381469727,25.0,24.5,47.5,49.70000076293945,971.0,0.0,675.0,0.0
1678764381245,11.100000381469727,25.0,42.20000076293945,520.0,0.0,220.0,0.0,25.0,24.600000381469727,25.0,24.600000381469727,47.5,49.70000076293945,971.0,0.0,675.0,0.0
1678764682246,11.100000381469727,25.0,42.70000076293945,520.0,0.0,220.0,0.0,25.0,24.600000381469727,25.0,24.600000381469727,47.5,50.79999923706055,971.0,0.0,675.0,0.0
1678764983238,11.100000381469727,25.0,43.20000076293945,520.0,0.0,220.0,0.0,25.0,24.600000381469727,25.0,24.600000381469727,47.5,50.79999923706055,971.0,0.0,675.0,0.0
1678765283242,11.100000381469727,25.0,43.70000076293945,520.0,0.0,220.0,0.0,25.0,24.600000381469727,25.0,24.600000381469727,47.5,52.099998474121094,971.0,0.0,675.0,0.0
1678765584243,11.100000381469727,25.0,44.099998474121094,520.0,0.0,220.0,0.0,25.0,24.600000381469727,25.0,24.700000762939453,47.5,53.400001525878906,971.0,0.0,675.0,0.0
1678765885242,11.100000381469727,25.0,44.900001525878906,520.0,0.0,220.0,0.0,25.399999618530273,24.600000381469727,25.399999618530273,24.600000381469727,47.5,53.400001525878906,971.0,0.0,675.0,0.0
1678766185250,11.0,25.0,45.29999923706055,520.0,0.0,220.0,0.0,25.399999618530273,24.700000762939453,25.399999618530273,24.700000762939453,47.5,54.70000076293945,971.0,0.0,675.0,0.0
1678766486257,11.0,25.399999618530273,45.79999923706055,520.0,0.0,220.0,1.0,25.0,24.700000762939453,25.0,24.700000762939453,47.5,54.70000076293945,971.0,0.0,675.0,4.0
1678766787251,11.0,25.0,46.29999923706055,520.0,0.0,220.0,1.0,25.0,24.700000762939453,25.0,24.799999237060547,47.5,54.70000076293945,971.0,0.0,675.0,4.0
1678767088241,11.0,25.0,46.70000076293945,520.0,0.0,220.0,1.0,25.0,24.700000762939453,25.0,24.799999237060547,47.5,55.70000076293945,971.0,0.0,675.0,4.0
1678767388251,11.0,25.399999618530273,47.099998474121094,520.0,0.0,220.0,1.0,25.399999618530273,24.700000762939453,25.399999618530273,24.799999237060547,47.5,55.70000076293945,971.0,0.0,675.0,4.0
1678767689247,11.100000381469727,25.399999618530273,47.5,520.0,0.0,220.0,1.0,25.399999618530273,24.600000381469727,25.399999618530273,24.700000762939453,47.5,44.79999923706055,971.0,0.0,675.0,4.0
1678767990246,11.0,25.399999618530273,47.900001525878906,520.0,0.0,220.0,1.0,25.399999618530273,24.700000762939453,25.399999618530273,24.600000381469727,47.5,27.5,971.0,0.0,675.0,4.0
1678768291250,11.100000381469727,25.399999618530273,47.900001525878906,520.0,0.0,220.0,1.0,25.399999618530273,24.600000381469727,25.399999618530273,24.600000381469727,47.5,27.5,971.0,0.0,675.0,4.0
1678768592254,11.100000381469727,25.399999618530273,47.900001525878906,520.0,0.0,220.0,1.0,25.399999618530273,24.600000381469727,25.399999618530273,24.600000381469727,47.5,26.5,971.0,0.0,675.0,4.0
1678768893239,11.100000381469727,25.399999618530273,47.79999923706055,520.0,0.0,220.0,1.0,25.399999618530273,24.600000381469727,25.399999618530273,24.5,47.5,26.5,971.0,0.0,675.0,4.0
1678769193245,11.199999809265137,25.399999618530273,47.79999923706055,520.0,0.0,220.0,1.0,25.399999618530273,24.5,25.399999618530273,24.5,47.5,26.5,971.0,0.0,675.0,4.0
1678769493246,11.199999809265137,25.399999618530273,47.79999923706055,520.0,0.0,220.0,1.0,25.399999618530273,24.5,25.399999618530273,24.5,47.5,26.5,971.0,0.0,675.0,4.0
1678769794241,11.199999809265137,25.399999618530273,47.70000076293945,520.0,0.0,220.0,1.0,25.399999618530273,24.5,25.399999618530273,24.5,47.5,25.200000762939453,971.0,0.0,675.0,4.0
1678770094247,11.199999809265137,25.399999618530273,47.70000076293945,520.0,0.0,220.0,1.0,25.399999618530273,24.5,25.399999618530273,24.5,47.5,25.200000762939453,971.0,0.0,675.0,6.0
1678770395243,11.199999809265137,25.399999618530273,47.79999923706055,520.0,0.0,220.0,1.0,25.399999618530273,24.5,25.399999618530273,24.5,47.5,25.200000762939453,971.0,0.0,675.0,6.0
1678770696241,11.199999809265137,25.399999618530273,47.900001525878906,520.0,0.0,220.0,1.0,25.399999618530273,24.5,25.399999618530273,24.5,47.5,25.200000762939453,971.0,0.0,675.0,6.0
1678770996248,11.199999809265137,25.399999618530273,47.70000076293945,520.0,0.0,220.0,1.0,25.399999618530273,28.899999618530273,25.399999618530273,28.899999618530273,47.5,24.100000381469727,971.0,0.0,675.0,6.0
1678771296261,11.199999809265137,25.0,47.599998474121094,520.0,0.0,220.0,1.0,25.399999618530273,28.899999618530273,25.399999618530273,28.899999618530273,47.5,24.100000381469727,971.0,0.0,675.0,6.0
1678771597245,11.199999809265137,25.399999618530273,47.79999923706055,520.0,0.0,220.0,1.0,25.399999618530273,28.899999618530273,25.399999618530273,28.899999618530273,47.5,24.100000381469727,971.0,0.0,675.0,6.0
1678771898243,11.199999809265137,25.399999618530273,47.599998474121094,520.0,0.0,220.0,1.0,25.0,28.899999618530273,25.0,28.899999618530273,47.5,24.100000381469727,971.0,0.0,675.0,6.0
1678772198246,11.199999809265137,25.399999618530273,47.20000076293945,520.0,0.0,220.0,1.0,25.0,28.899999618530273,25.0,28.899999618530273,47.5,24.100000381469727,971.0,0.0,675.0,6.0
1678772499239,11.199999809265137,25.0,47.099998474121094,520.0,0.0,220.0,1.0,25.399999618530273,28.899999618530273,25.399999618530273,28.799999237060547,47.5,28.5,971.0,0.0,675.0,6.0
1678772799249,11.199999809265137,25.399999618530273,46.900001525878906,520.0,0.0,220.0,1.0,25.0,28.899999618530273,25.0,28.899999618530273,47.5,28.5,971.0,0.0,675.0,6.0
1678773100245,11.300000190734863,25.399999618530273,46.79999923706055,520.0,0.0,220.0,1.0,25.399999618530273,28.799999237060547,25.399999618530273,28.799999237060547,47.5,28.5,971.0,0.0,675.0,6.0
1678773401241,11.300000190734863,25.799999237060547,46.70000076293945,520.0,0.0,220.0,1.0,25.799999237060547,28.799999237060547,25.799999237060547,28.799999237060547,47.5,28.5,971.0,0.0,675.0,6.0
1678773701242,11.199999809265137,26.200000762939453,46.70000076293945,520.0,0.0,220.0,1.0,25.799999237060547,28.899999618530273,25.799999237060547,28.899999618530273,47.5,28.5,971.0,1.0,675.0,6.0
1678774002240,11.199999809265137,26.200000762939453,46.70000076293945,520.0,0.0,220.0,1.0,26.200000762939453,28.899999618530273,26.200000762939453,28.899999618530273,47.5,29.799999237060547,971.0,1.0,675.0,6.0
1678774302246,11.199999809265137,26.600000381469727,46.70000076293945,520.0,0.0,220.0,1.0,26.600000381469727,28.899999618530273,26.600000381469727,28.899999618530273,47.5,29.799999237060547,971.0,1.0,675.0,6.0
1678774602251,11.300000190734863,26.600000381469727,46.70000076293945,520.0,0.0,220.0,1.0,26.600000381469727,28.799999237060547,26.600000381469727,28.700000762939453,47.5,29.799999237060547,971.0,1.0,675.0,6.0
1678774903242,11.300000190734863,26.600000381469727,46.70000076293945,520.0,0.0,220.0,1.0,26.600000381469727,28.799999237060547,26.600000381469727,28.799999237060547,47.5,29.799999237060547,971.0,1.0,675.0,6.0
1678775203248,11.300000190734863,27.0,46.70000076293945,520.0,0.0,220.0,1.0,27.0,28.799999237060547,27.0,28.700000762939453,47.5,30.799999237060547,971.0,1.0,675.0,6.0
1678775503250,11.399999618530273,27.0,46.70000076293945,520.0,0.0,220.0,1.0,27.0,28.700000762939453,27.0,28.799999237060547,47.5,30.799999237060547,971.0,1.0,675.0,6.0
1678775804241,11.5,27.399999618530273,46.70000076293945,520.0,0.0,220.0,1.0,27.0,28.700000762939453,27.0,28.700000762939453,47.5,30.799999237060547,971.0,1.0,675.0,6.0
1678776105244,11.5,27.799999237060547,46.70000076293945,520.0,0.0,220.0,1.0,27.399999618530273,28.700000762939453,27.399999618530273,28.700000762939453,47.5,30.799999237060547,971.0,1.0,675.0,6.0
1678776406244,11.600000381469727,27.799999237060547,46.599998474121094,520.0,0.0,220.0,1.0,27.799999237060547,28.600000381469727,27.799999237060547,28.700000762939453,47.5,30.799999237060547,971.0,1.0,675.0,6.0
1678776707240,11.600000381469727,27.799999237060547,46.70000076293945,520.0,0.0,220.0,1.0,27.799999237060547,28.600000381469727,27.799999237060547,28.700000762939453,47.5,30.799999237060547,971.0,1.0,675.0,6.0
1678777007242,11.600000381469727,27.799999237060547,46.70000076293945,520.0,0.0,220.0,1.0,28.200000762939453,28.600000381469727,28.200000762939453,28.600000381469727,47.5,31.899999618530273,971.0,1.0,675.0,6.0
1678777308243,11.600000381469727,28.200000762939453,46.70000076293945,520.0,0.0,220.0,1.0,28.200000762939453,28.600000381469727,28.200000762939453,28.600000381469727,47.5,31.899999618530273,971.0,4.0,675.0,6.0
1678777609242,11.600000381469727,28.200000762939453,46.70000076293945,520.0,0.0,220.0,1.0,28.700000762939453,28.600000381469727,28.700000762939453,28.600000381469727,47.5,31.899999618530273,971.0,4.0,675.0,6.0
1678777909252,11.600000381469727,28.700000762939453,46.599998474121094,520.0,0.0,220.0,1.0,28.700000762939453,28.600000381469727,28.700000762939453,28.600000381469727,47.5,31.899999618530273,971.0,4.0,675.0,6.0
1678778209259,11.600000381469727,29.100000381469727,46.599998474121094,520.0,0.0,220.0,1.0,29.100000381469727,28.600000381469727,29.100000381469727,28.600000381469727,47.5,31.899999618530273,971.0,4.0,675.0,6.0
1678778510253,11.699999809265137,29.100000381469727,46.599998474121094,520.0,0.0,220.0,1.0,29.100000381469727,28.5,29.100000381469727,28.5,47.5,33.20000076293945,971.0,4.0,675.0,6.0
1678778811249,11.800000190734863,29.100000381469727,46.70000076293945,520.0,0.0,220.0,1.0,29.100000381469727,28.399999618530273,29.100000381469727,28.399999618530273,47.5,33.20000076293945,971.0,4.0,675.0,6.0
1678779112241,11.899999618530273,29.100000381469727,46.599998474121094,520.0,0.0,220.0,1.0,29.5,28.299999237060547,29.5,28.299999237060547,47.5,33.20000076293945,971.0,4.0,675.0,6.0
1678779412244,11.899999618530273,29.899999618530273,46.599998474121094,520.0,0.0,220.0,1.0,29.5,28.299999237060547,29.5,28.200000762939453,47.5,33.20000076293945,971.0,4.0,675.0,6.0
1678779713243,12.0,29.5,46.599998474121094,520.0,0.0,220.0,1.0,29.5,28.200000762939453,29.5,28.200000762939453,47.5,33.20000076293945,971.0,4.0,675.0,6.0
1678780014238,12.0,29.899999618530273,46.5,520.0,0.0,220.0,1.0,29.5,28.200000762939453,29.5,28.200000762939453,47.5,33.20000076293945,971.0,4.0,675.0,6.0
1678780314240,12.0,29.899999618530273,46.599998474121094,520.0,0.0,220.0,1.0,29.899999618530273,28.200000762939453,29.899999618530273,28.200000762939453,47.5,34.20000076293945,971.0,4.0,675.0,6.0
1678780615244,12.199999809265137,30.299999237060547,46.5,520.0,0.0,220.0,1.0,30.299999237060547,28.100000381469727,30.299999237060547,28.100000381469727,47.5,34.20000076293945,971.0,4.0,675.0,6.0
1678780916240,12.300000190734863,30.299999237060547,46.5,520.0,1.0,220.0,1.0,29.899999618530273,28.0,29.899999618530273,28.0,47.5,34.20000076293945,971.0,7.0,675.0,6.0
1678781216251,12.300000190734863,30.299999237060547,46.400001525878906,520.0,1.0,220.0,1.0,30.299999237060547,28.0,30.299999237060547,28.0,47.5,34.20000076293945,971.0,7.0,675.0,6.0
1678781517245,12.300000190734863,30.299999237060547,46.29999923706055,520.0,1.0,220.0,1.0,30.299999237060547,28.0,30.299999237060547,28.0,47.5,34.20000076293945,971.0,7.0,675.0,6.0
1678781818244,12.399999618530273,30.700000762939453,46.29999923706055,520.0,1.0,220.0,1.0,30.700000762939453,27.899999618530273,30.700000762939453,27.899999618530273,47.5,34.20000076293945,971.0,7.0,675.0,6.0
1678782118246,12.399999618530273,30.700000762939453,46.400001525878906,520.0,1.0,220.0,1.0,30.700000762939453,27.899999618530273,30.700000762939453,27.899999618530273,47.5,33.20000076293945,971.0,7.0,675.0,6.0
1678782419249,12.399999618530273,30.700000762939453,46.29999923706055,520.0,1.0,220.0,1.0,30.700000762939453,27.899999618530273,30.700000762939453,27.899999618530273,47.5,31.899999618530273,971.0,7.0,675.0,6.0
1678782720238,12.600000381469727,30.299999237060547,46.29999923706055,520.0,1.0,220.0,1.0,30.299999237060547,27.799999237060547,30.299999237060547,27.799999237060547,47.5,31.899999618530273,971.0,7.0,675.0,6.0
1678783020241,12.600000381469727,30.299999237060547,46.29999923706055,520.0,1.0,220.0,1.0,30.299999237060547,27.799999237060547,30.299999237060547,27.799999237060547,47.5,30.799999237060547,971.0,7.0,675.0,6.0
1678783320257,12.5,29.899999618530273,46.29999923706055,520.0,1.0,220.0,1.0,29.899999618530273,27.799999237060547,29.899999618530273,27.799999237060547,47.5,30.799999237060547,971.0,7.0,675.0,6.0
1678783621241,12.699999809265137,29.899999618530273,46.29999923706055,520.0,1.0,220.0,1.0,29.899999618530273,27.700000762939453,29.899999618530273,27.700000762939453,47.5,29.799999237060547,971.0,7.0,675.0,6.0
1678783922242,12.800000190734863,29.899999618530273,46.20000076293945,520.0,1.0,220.0,1.0,29.899999618530273,27.600000381469727,29.899999618530273,27.600000381469727,47.5,29.799999237060547,971.0,7.0,675.0,6.0
1678784223249,12.800000190734863,29.5,45.70000076293945,520.0,1.0,220.0,1.0,29.899999618530273,27.600000381469727,29.899999618530273,27.600000381469727,47.5,29.799999237060547,971.0,7.0,675.0,6.0
1678784523278,12.899999618530273,29.5,45.29999923706055,520.0,1.0,220.0,1.0,29.5,27.5,29.5,27.5,47.5,28.5,971.0,8.0,675.0,6.0
1678784824242,13.0,29.5,45.400001525878906,520.0,1.0,220.0,1.0,29.899999618530273,27.399999618530273,29.899999618530273,27.399999618530273,47.5,28.5,971.0,8.0,675.0,6.0
1678785124244,13.100000381469727,29.5,45.400001525878906,520.0,1.0,220.0,1.0,29.5,27.299999237060547,29.5,27.299999237060547,47.5,28.5,971.0,8.0,675.0,6.0
1678785425243,13.199999809265137,29.5,45.29999923706055,520.0,1.0,220.0,1.0,29.5,27.200000762939453,29.5,27.200000762939453,47.5,27.5,971.0,8.0,675.0,6.0
1678785726246,13.199999809265137,29.5,45.20000076293945,520.0,1.0,220.0,1.0,29.5,27.200000762939453,29.5,27.200000762939453,47.5,27.5,971.0,8.0,675.0,6.0
1678786027243,13.300000190734863,29.5,45.0,520.0,1.0,220.0,1.0,29.5,27.200000762939453,29.5,27.100000381469727,47.5,27.5,971.0,8.0,675.0,6.0
1678786327256,13.300000190734863,29.5,45.0,520.0,1.0,220.0,1.0,29.5,27.200000762939453,29.5,27.200000762939453,47.5,26.5,971.0,8.0,675.0,6.0
1678786628251,13.199999809265137,29.5,45.0,520.0,1.0,220.0,1.0,29.100000381469727,27.200000762939453,29.100000381469727,27.200000762939453,47.5,26.5,971.0,8.0,675.0,6.0
1678786929244,13.199999809265137,29.100000381469727,45.0,520.0,1.0,220.0,1.0,29.5,27.200000762939453,29.5,27.200000762939453,47.5,26.5,971.0,8.0,675.0,6.0
1678787229248,13.100000381469727,29.100000381469727,45.0,520.0,1.0,220.0,1.0,29.5,27.299999237060547,29.5,27.299999237060547,47.5,26.5,971.0,8.0,675.0,6.0
1678787529254,12.899999618530273,29.100000381469727,45.0,520.0,1.0,220.0,1.0,29.100000381469727,27.5,29.100000381469727,27.399999618530273,47.5,25.200000762939453,971.0,8.0,675.0,6.0
1678787830240,12.800000190734863,29.100000381469727,45.0,520.0,1.0,220.0,1.0,29.100000381469727,27.600000381469727,29.100000381469727,27.600000381469727,47.5,25.200000762939453,971.0,8.0,675.0,6.0
1678788130246,12.5,29.100000381469727,45.0,520.0,1.0,220.0,1.0,29.100000381469727,27.799999237060547,29.100000381469727,27.799999237060547,47.5,25.200000762939453,971.0,8.0,675.0,6.0
1678788431246,12.300000190734863,28.700000762939453,45.0,520.0,1.0,220.0,1.0,28.700000762939453,28.0,28.700000762939453,28.0,47.5,24.100000381469727,971.0,8.0,675.0,6.0
1678788732239,12.0,28.700000762939453,44.900001525878906,520.0,1.0,220.0,1.0,28.700000762939453,28.200000762939453,28.700000762939453,28.200000762939453,47.5,24.100000381469727,971.0,8.0,675.0,6.0
1678789032253,11.899999618530273,28.700000762939453,44.900001525878906,520.0,1.0,220.0,1.0,28.700000762939453,28.299999237060547,28.700000762939453,28.200000762939453,47.5,24.100000381469727,971.0,8.0,675.0,6.0
1678789333242,11.899999618530273,28.700000762939453,45.0,520.0,1.0,220.0,1.0,28.200000762939453,28.299999237060547,28.200000762939453,28.200000762939453,47.5,24.100000381469727,971.0,8.0,675.0,6.0
1678789633244,12.0,28.200000762939453,44.900001525878906,520.0,1.0,220.0,1.0,28.200000762939453,28.200000762939453,28.200000762939453,28.200000762939453,47.5,23.100000381469727,971.0,8.0,675.0,6.0
1678789933248,12.0,28.200000762939453,44.79999923706055,520.0,1.0,220.0,1.0,28.200000762939453,28.200000762939453,28.200000762939453,28.200000762939453,47.5,24.100000381469727,971.0,8.0,675.0,6.0
1678790234243,12.0,28.200000762939453,44.70000076293945,520.0,1.0,220.0,1.0,28.200000762939453,28.200000762939453,28.200000762939453,28.200000762939453,47.5,23.100000381469727,971.0,8.0,675.0,6.0
1678790534253,12.0,28.200000762939453,44.599998474121094,520.0,1.0,220.0,1.0,28.200000762939453,28.200000762939453,28.200000762939453,28.200000762939453,47.5,23.100000381469727,971.0,8.0,675.0,6.0
1678790835253,12.0,28.200000762939453,44.599998474121094,520.0,1.0,220.0,1.0,28.200000762939453,28.200000762939453,28.200000762939453,28.200000762939453,47.5,23.100000381469727,971.0,8.0,675.0,6.0
1678791135253,12.100000381469727,28.200000762939453,44.599998474121094,520.0,1.0,220.0,1.0,28.200000762939453,28.200000762939453,28.200000762939453,28.200000762939453,47.5,22.100000381469727,971.0,8.0,675.0,6.0
1678791436241,12.199999809265137,28.200000762939453,44.599998474121094,520.0,1.0,220.0,1.0,28.200000762939453,28.100000381469727,28.200000762939453,28.200000762939453,47.5,22.100000381469727,971.0,8.0,675.0,6.0
1678791737245,12.100000381469727,28.200000762939453,44.599998474121094,520.0,1.0,220.0,1.0,27.799999237060547,28.200000762939453,27.799999237060547,28.200000762939453,47.5,22.100000381469727,971.0,8.0,675.0,6.0
1678792038241,11.899999618530273,27.799999237060547,44.599998474121094,520.0,1.0,220.0,1.0,27.799999237060547,28.299999237060547,27.799999237060547,28.299999237060547,47.5,22.100000381469727,971.0,8.0,675.0,6.0
1678792339247,11.600000381469727,27.799999237060547,44.599998474121094,520.0,1.0,220.0,1.0,27.799999237060547,28.600000381469727,27.799999237060547,28.600000381469727,47.5,22.100000381469727,971.0,8.0,675.0,6.0
1678792639259,10.800000190734863,27.799999237060547,44.599998474121094,520.0,1.0,220.0,1.0,27.799999237060547,29.200000762939453,27.799999237060547,29.200000762939453,47.5,20.799999237060547,971.0,8.0,675.0,6.0
1678792940244,10.0,27.799999237060547,44.5,520.0,1.0,220.0,1.0,27.799999237060547,29.799999237060547,27.799999237060547,29.799999237060547,47.5,20.799999237060547,971.0,8.0,675.0,6.0
1678793240268,9.600000381469727,27.799999237060547,44.5,520.0,1.0,220.0,1.0,27.799999237060547,30.200000762939453,27.799999237060547,30.200000762939453,47.5,20.799999237060547,971.0,8.0,675.0,6.0
1678793540294,9.199999809265137,27.799999237060547,44.5,520.0,1.0,220.0,1.0,27.799999237060547,30.5,27.799999237060547,30.5,47.5,20.799999237060547,971.0,8.0,675.0,6.0
1678793841238,8.800000190734863,27.399999618530273,44.20000076293945,520.0,1.0,220.0,1.0,27.399999618530273,30.799999237060547,27.399999618530273,30.799999237060547,47.5,20.799999237060547,971.0,8.0,675.0,6.0
1678794142244,8.800000190734863,27.399999618530273,44.29999923706055,520.0,1.0,220.0,1.0,27.399999618530273,30.799999237060547,27.399999618530273,30.799999237060547,47.5,19.799999237060547,971.0,8.0,675.0,6.0
1678794443258,9.100000381469727,27.399999618530273,44.20000076293945,520.0,1.0,220.0,1.0,27.399999618530273,30.5,27.399999618530273,30.600000381469727,47.5,19.799999237060547,971.0,8.0,675.0,6.0
1678794744241,9.199999809265137,27.399999618530273,44.20000076293945,520.0,1.0,220.0,1.0,27.399999618530273,30.5,27.399999618530273,30.5,47.5,29.799999237060547,971.0,8.0,675.0,6.0
1678795044244,9.300000190734863,27.399999618530273,44.099998474121094,520.0,1.0,220.0,1.0,27.399999618530273,30.399999618530273,27.399999618530273,30.399999618530273,47.5,30.799999237060547,971.0,8.0,675.0,6.0
1678795345242,9.600000381469727,27.0,44.099998474121094,520.0,1.0,220.0,1.0,27.399999618530273,30.200000762939453,27.399999618530273,30.200000762939453,47.5,30.799999237060547,971.0,9.0,675.0,6.0
1678795646260,9.600000381469727,27.799999237060547,44.099998474121094,520.0,1.0,220.0,1.0,27.799999237060547,30.200000762939453,27.799999237060547,30.200000762939453,47.5,31.899999618530273,971.0,9.0,675.0,6.0
1678795947253,9.800000190734863,28.200000762939453,44.0,520.0,1.0,220.0,1.0,28.200000762939453,30.0,28.200000762939453,29.899999618530273,47.5,31.899999618530273,971.0,9.0,675.0,6.0
1678796248239,10.0,28.200000762939453,43.900001525878906,520.0,1.0,220.0,1.0,28.200000762939453,29.799999237060547,28.200000762939453,29.799999237060547,47.5,31.899999618530273,971.0,9.0,675.0,6.0
1678796548242,10.0,28.700000762939453,43.70000076293945,520.0,1.0,220.0,1.0,28.200000762939453,29.799999237060547,28.200000762939453,29.799999237060547,47.5,31.899999618530273,971.0,9.0,675.0,6.0
1678796848243,10.100000381469727,29.100000381469727,43.70000076293945,520.0,1.0,220.0,1.0,28.700000762939453,29.799999237060547,28.700000762939453,29.799999237060547,47.5,31.899999618530273,971.0,9.0,675.0,6.0
1678797149241,10.0,28.700000762939453,43.70000076293945,520.0,1.0,220.0,1.0,28.700000762939453,29.799999237060547,28.700000762939453,29.799999237060547,47.5,33.20000076293945,971.0,9.0,675.0,6.0
1678797449242,10.0,29.100000381469727,43.70000076293945,520.0,1.0,220.0,1.0,29.100000381469727,29.799999237060547,29.100000381469727,29.799999237060547,47.5,33.20000076293945,971.0,9.0,675.0,6.0
1678797749252,10.0,29.100000381469727,43.70000076293945,520.0,1.0,220.0,1.0,29.100000381469727,29.799999237060547,29.100000381469727,29.799999237060547,47.5,33.20000076293945,971.0,9.0,675.0,6.0
1678798050246,10.0,29.5,43.599998474121094,520.0,1.0,220.0,1.0,29.5,29.799999237060547,29.5,29.799999237060547,47.5,33.20000076293945,971.0,9.0,675.0,6.0
1678798351247,10.0,29.899999618530273,43.599998474121094,520.0,1.0,220.0,1.0,29.5,29.799999237060547,29.5,29.799999237060547,47.5,33.20000076293945,971.0,9.0,675.0,6.0
1678798652244,10.0,29.5,43.5,520.0,1.0,220.0,1.0,29.5,29.799999237060547,29.5,29.799999237060547,47.5,33.20000076293945,971.0,9.0,675.0,6.0
1678798952247,10.0,29.5,42.900001525878906,520.0,2.0,220.0,1.0,29.5,29.799999237060547,29.5,29.799999237060547,50.0,41.20000076293945,971.0,12.0,675.0,6.0
1678799253247,10.0,29.5,42.900001525878906,520.0,2.0,220.0,1.0,29.899999618530273,29.799999237060547,29.899999618530273,29.799999237060547,50.0,43.5,971.0,12.0,675.0,6.0
1678799554248,10.100000381469727,29.5,42.900001525878906,520.0,2.0,220.0,1.0,29.5,29.700000762939453,29.5,29.700000762939453,50.0,44.79999923706055,971.0,12.0,675.0,6.0
1678799855243,10.100000381469727,29.100000381469727,43.0,520.0,2.0,220.0,1.0,29.100000381469727,29.799999237060547,29.100000381469727,29.799999237060547,50.0,46.099998474121094,971.0,12.0,675.0,6.0
1678800155244,10.100000381469727,29.100000381469727,43.099998474121094,520.0,2.0,220.0,1.0,29.100000381469727,29.799999237060547,29.100000381469727,29.799999237060547,50.0,47.20000076293945,971.0,12.0,675.0,6.0
1678800456238,10.0,29.100000381469727,43.099998474121094,520.0,2.0,220.0,1.0,29.5,29.799999237060547,29.5,29.799999237060547,50.0,48.400001525878906,971.0,12.0,675.0,6.0
1678800756241,10.199999809265137,29.100000381469727,43.099998474121094,520.0,2.0,220.0,1.0,29.100000381469727,29.700000762939453,29.100000381469727,29.700000762939453,50.0,49.70000076293945,971.0,12.0,675.0,6.0
1678801056258,10.199999809265137,29.100000381469727,43.29999923706055,520.0,2.0,220.0,1.0,29.100000381469727,29.700000762939453,29.100000381469727,29.700000762939453,50.0,50.79999923706055,971.0,12.0,675.0,6.0
1678801357241,10.199999809265137,29.100000381469727,43.400001525878906,520.0,2.0,220.0,1.0,29.5,29.700000762939453,29.5,29.700000762939453,50.0,50.79999923706055,971.0,12.0,675.0,6.0
1678801657246,10.199999809265137,29.5,43.70000076293945,520.0,2.0,220.0,1.0,29.5,29.700000762939453,29.5,29.700000762939453,50.0,52.099998474121094,971.0,12.0,675.0,6.0
1678801958240,10.300000190734863,29.100000381469727,44.099998474121094,520.0,2.0,220.0,1.0,29.100000381469727,29.600000381469727,29.100000381469727,29.600000381469727,50.0,52.099998474121094,971.0,12.0,675.0,6.0
1678802258275,10.399999618530273,29.100000381469727,44.400001525878906,520.0,2.0,220.0,1.0,29.100000381469727,29.5,29.100000381469727,29.5,50.0,53.400001525878906,971.0,12.0,675.0,6.0
1678802559256,10.600000381469727,29.100000381469727,44.79999923706055,520.0,2.0,220.0,3.0,29.100000381469727,29.399999618530273,29.100000381469727,29.399999618530273,50.0,53.400001525878906,971.0,12.0,675.0,10.0
1678802860243,10.699999809265137,29.100000381469727,45.099998474121094,520.0,2.0,220.0,3.0,29.5,29.299999237060547,29.5,29.299999237060547,50.0,53.400001525878906,971.0,12.0,675.0,10.0
1678803161246,10.699999809265137,29.100000381469727,45.599998474121094,520.0,2.0,220.0,3.0,29.100000381469727,29.299999237060547,29.100000381469727,29.299999237060547,50.0,53.400001525878906,971.0,12.0,675.0,10.0
1678803461247,10.600000381469727,29.100000381469727,45.900001525878906,520.0,2.0,220.0,3.0,29.100000381469727,29.399999618530273,29.100000381469727,29.299999237060547,50.0,54.70000076293945,971.0,12.0,675.0,10.0
1678803762242,10.600000381469727,29.100000381469727,46.29999923706055,520.0,2.0,220.0,3.0,29.100000381469727,29.399999618530273,29.100000381469727,29.299999237060547,50.0,54.70000076293945,971.0,12.0,675.0,10.0
1678804063244,10.699999809265137,29.100000381469727,46.70000076293945,520.0,2.0,220.0,3.0,29.100000381469727,29.299999237060547,29.100000381469727,29.299999237060547,50.0,55.70000076293945,971.0,12.0,675.0,10.0
1678804364244,10.600000381469727,29.100000381469727,47.099998474121094,520.0,2.0,220.0,3.0,29.100000381469727,29.399999618530273,29.100000381469727,29.299999237060547,50.0,55.70000076293945,971.0,12.0,675.0,10.0
1678804664247,10.600000381469727,29.100000381469727,47.20000076293945,520.0,2.0,220.0,3.0,28.700000762939453,29.399999618530273,28.700000762939453,29.5,50.0,55.70000076293945,971.0,12.0,675.0,10.0
1678804965238,10.5,29.100000381469727,47.900001525878906,520.0,2.0,220.0,3.0,29.100000381469727,29.5,29.100000381469727,29.5,50.0,57.0,971.0,12.0,675.0,10.0
1678805265244,10.399999618530273,28.700000762939453,48.099998474121094,520.0,2.0,220.0,3.0,29.100000381469727,29.5,29.100000381469727,29.5,50.0,57.0,971.0,12.0,675.0,10.0
1678805566237,10.5,28.700000762939453,48.400001525878906,520.0,2.0,220.0,3.0,29.100000381469727,29.5,29.100000381469727,29.5,50.0,57.0,971.0,12.0,675.0,10.0
1678805866241,10.600000381469727,29.100000381469727,48.79999923706055,520.0,2.0,220.0,3.0,28.700000762939453,29.399999618530273,28.700000762939453,29.5,50.0,58.29999923706055,971.0,12.0,675.0,10.0
1678806166242,10.800000190734863,28.700000762939453,49.29999923706055,520.0,2.0,220.0,4.0,29.100000381469727,29.200000762939453,29.100000381469727,29.200000762939453,50.0,58.29999923706055,971.0,12.0,675.0,15.0
1678806467241,10.800000190734863,28.700000762939453,49.599998474121094,520.0,2.0,220.0,4.0,29.100000381469727,29.200000762939453,29.100000381469727,29.200000762939453,50.0,58.29999923706055,971.0,12.0,675.0,15.0
1678806767244,10.800000190734863,29.100000381469727,50.099998474121094,520.0,2.0,220.0,4.0,29.100000381469727,29.200000762939453,29.100000381469727,29.200000762939453,50.0,44.79999923706055,971.0,12.0,675.0,15.0
1678807068244,10.800000190734863,29.100000381469727,50.20000076293945,520.0,2.0,220.0,4.0,28.700000762939453,29.200000762939453,28.700000762939453,29.200000762939453,50.0,33.20000076293945,971.0,12.0,675.0,15.0
1678807368250,10.800000190734863,28.700000762939453,50.20000076293945,520.0,2.0,220.0,4.0,29.100000381469727,29.200000762939453,29.100000381469727,29.200000762939453,50.0,33.20000076293945,971.0,12.0,675.0,15.0
1678807669241,10.699999809265137,29.5,50.099998474121094,520.0,2.0,220.0,4.0,29.5,29.299999237060547,29.5,29.299999237060547,50.0,33.20000076293945,971.0,12.0,675.0,15.0
1678807969243,10.699999809265137,29.5,50.099998474121094,520.0,2.0,220.0,4.0,29.899999618530273,29.299999237060547,29.899999618530273,29.299999237060547,50.0,33.20000076293945,971.0,12.0,675.0,15.0
1678808270242,10.699999809265137,29.899999618530273,50.099998474121094,520.0,2.0,220.0,4.0,29.899999618530273,29.299999237060547,29.899999618530273,29.299999237060547,50.0,33.20000076293945,971.0,12.0,675.0,15.0
1678808570245,10.600000381469727,29.899999618530273,50.099998474121094,520.0,2.0,220.0,4.0,30.299999237060547,29.399999618530273,30.299999237060547,29.399999618530273,50.0,34.20000076293945,971.0,12.0,675.0,15.0
1678808871243,10.600000381469727,29.899999618530273,50.099998474121094,520.0,2.0,220.0,4.0,30.299999237060547,29.399999618530273,30.299999237060547,29.399999618530273,50.0,34.20000076293945,971.0,12.0,675.0,15.0
1678809171245,10.600000381469727,30.299999237060547,50.099998474121094,520.0,2.0,220.0,4.0,29.899999618530273,29.399999618530273,29.899999618530273,29.399999618530273,50.0,34.20000076293945,971.0,12.0,675.0,15.0
1678809471248,10.5,30.299999237060547,50.099998474121094,520.0,2.0,220.0,4.0,30.299999237060547,29.5,30.299999237060547,29.5,47.5,34.20000076293945,971.0,12.0,675.0,15.0
1678809772242,10.399999618530273,30.299999237060547,50.099998474121094,520.0,2.0,220.0,4.0,30.299999237060547,29.5,30.299999237060547,29.5,47.5,34.20000076293945,971.0,15.0,675.0,16.0
1678810072244,10.399999618530273,30.299999237060547,50.099998474121094,520.0,2.0,220.0,4.0,30.700000762939453,29.5,30.700000762939453,29.5,47.5,34.20000076293945,971.0,15.0,675.0,16.0
1678810372264,10.199999809265137,30.700000762939453,50.099998474121094,520.0,2.0,220.0,4.0,30.299999237060547,29.700000762939453,30.299999237060547,29.700000762939453,47.5,34.20000076293945,971.0,15.0,675.0,16.0
1678810673253,9.800000190734863,30.700000762939453,50.099998474121094,520.0,2.0,220.0,4.0,30.700000762939453,30.0,30.700000762939453,30.0,47.5,35.5,971.0,15.0,675.0,16.0
1678810974250,9.199999809265137,30.700000762939453,50.099998474121094,520.0,2.0,220.0,4.0,31.100000381469727,30.5,31.100000381469727,30.5,47.5,35.5,971.0,15.0,675.0,16.0
1678811274260,8.699999809265137,30.700000762939453,50.099998474121094,520.0,2.0,220.0,4.0,30.700000762939453,30.799999237060547,30.700000762939453,30.899999618530273,47.5,35.5,971.0,15.0,675.0,16.0
1678811575244,8.100000381469727,30.700000762939453,50.0,520.0,2.0,220.0,4.0,31.100000381469727,31.299999237060547,31.100000381469727,31.299999237060547,47.5,35.5,971.0,15.0,675.0,16.0
1678811876242,7.900000095367432,31.600000381469727,50.099998474121094,520.0,2.0,220.0,4.0,31.100000381469727,31.399999618530273,31.100000381469727,31.399999618530273,47.5,35.5,971.0,15.0,675.0,16.0
1678812176243,8.0,31.100000381469727,50.0,520.0,2.0,220.0,4.0,31.100000381469727,31.399999618530273,31.100000381469727,31.399999618530273,47.5,35.5,971.0,15.0,675.0,16.0
1678812476244,8.0,31.100000381469727,50.0,520.0,2.0,220.0,4.0,31.100000381469727,31.399999618530273,31.100000381469727,31.399999618530273,47.5,35.5,971.0,15.0,675.0,16.0
1678812776247,8.100000381469727,31.100000381469727,50.099998474121094,520.0,2.0,220.0,4.0,31.600000381469727,31.299999237060547,31.600000381469727,31.299999237060547,47.5,35.5,971.0,15.0,675.0,16.0
1678813077242,8.100000381469727,31.600000381469727,50.0,520.0,2.0,220.0,4.0,31.600000381469727,31.299999237060547,31.600000381469727,31.299999237060547,47.5,35.5,971.0,15.0,675.0,16.0
1678813377243,8.0,32.0,50.0,520.0,3.0,220.0,4.0,31.600000381469727,31.399999618530273,31.600000381469727,31.399999618530273,47.5,35.5,971.0,18.0,675.0,16.0
1678813677248,8.0,32.0,50.0,520.0,3.0,220.0,4.0,31.600000381469727,31.399999618530273,31.600000381469727,31.399999618530273,47.5,35.5,971.0,18.0,675.0,16.0
1678813978242,8.0,31.600000381469727,50.0,520.0,3.0,220.0,4.0,31.600000381469727,31.399999618530273,31.600000381469727,31.399999618530273,47.5,35.5,971.0,18.0,675.0,16.0
1678814278243,7.900000095367432,32.0,49.900001525878906,520.0,3.0,220.0,4.0,32.0,31.399999618530273,32.0,31.399999618530273,47.5,31.899999618530273,971.0,18.0,675.0,16.0
1678814579241,7.900000095367432,32.0,49.900001525878906,520.0,3.0,220.0,4.0,32.0,31.399999618530273,32.0,31.399999618530273,47.5,36.5,971.0,18.0,675.0,16.0
1678814879242,7.699999809265137,32.0,49.70000076293945,520.0,3.0,220.0,4.0,32.0,31.600000381469727,32.0,31.600000381469727,47.5,36.5,971.0,18.0,675.0,16.0
1678815179243,7.699999809265137,32.0,49.79999923706055,520.0,3.0,220.0,4.0,32.0,31.600000381469727,32.0,31.600000381469727,47.5,36.5,971.0,18.0,675.0,16.0
1678815480243,7.699999809265137,32.0,49.70000076293945,520.0,3.0,220.0,4.0,32.0,31.600000381469727,32.0,31.600000381469727,47.5,36.5,971.0,18.0,675.0,16.0
1678815780249,7.699999809265137,32.0,49.70000076293945,520.0,3.0,220.0,4.0,32.0,31.600000381469727,32.0,31.600000381469727,47.5,36.5,971.0,18.0,675.0,16.0
1678816080253,7.599999904632568,32.0,49.70000076293945,520.0,3.0,220.0,4.0,32.0,31.700000762939453,32.0,31.700000762939453,47.5,34.20000076293945,971.0,18.0,675.0,16.0
1678816381242,7.599999904632568,32.0,49.70000076293945,520.0,3.0,220.0,4.0,32.0,31.700000762939453,32.0,31.700000762939453,47.5,33.20000076293945,971.0,18.0,675.0,16.0
1678816681256,7.599999904632568,31.600000381469727,49.70000076293945,520.0,3.0,220.0,4.0,31.600000381469727,31.700000762939453,31.600000381469727,31.700000762939453,47.5,31.899999618530273,971.0,18.0,675.0,16.0
1678816982242,7.599999904632568,31.600000381469727,49.70000076293945,520.0,3.0,220.0,4.0,31.600000381469727,31.700000762939453,31.600000381469727,31.700000762939453,47.5,31.899999618530273,971.0,20.0,675.0,16.0
1678817282250,7.599999904632568,31.600000381469727,49.599998474121094,520.0,3.0,220.0,4.0,31.100000381469727,31.700000762939453,31.100000381469727,31.700000762939453,47.5,30.799999237060547,971.0,20.0,675.0,16.0
1678817583239,7.599999904632568,31.100000381469727,49.599998474121094,520.0,3.0,220.0,4.0,31.100000381469727,31.700000762939453,31.100000381469727,31.700000762939453,47.5,30.799999237060547,971.0,20.0,675.0,16.0
1678817883247,7.599999904632568,31.100000381469727,49.5,520.0,3.0,220.0,4.0,31.100000381469727,31.700000762939453,31.100000381469727,31.600000381469727,47.5,29.799999237060547,971.0,20.0,675.0,16.0
1678818184248,7.800000190734863,31.100000381469727,49.400001525878906,520.0,3.0,220.0,4.0,31.100000381469727,31.5,31.100000381469727,31.5,47.5,29.799999237060547,971.0,20.0,675.0,16.0
1678818485247,7.900000095367432,30.700000762939453,49.29999923706055,520.0,3.0,220.0,4.0,30.700000762939453,31.399999618530273,30.700000762939453,31.5,47.5,29.799999237060547,971.0,20.0,675.0,16.0
1678818786240,7.800000190734863,30.700000762939453,49.29999923706055,520.0,3.0,220.0,4.0,30.700000762939453,31.5,30.700000762939453,31.399999618530273,47.5,28.5,971.0,20.0,675.0,16.0
1678819086263,7.800000190734863,30.700000762939453,49.29999923706055,520.0,3.0,220.0,4.0,31.100000381469727,31.5,31.100000381469727,31.5,47.5,28.5,971.0,20.0,675.0,16.0
1678819386267,7.800000190734863,30.700000762939453,49.29999923706055,520.0,3.0,220.0,4.0,30.700000762939453,31.5,30.700000762939453,31.5,47.5,27.5,971.0,20.0,675.0,16.0
1678819687241,7.599999904632568,30.700000762939453,49.29999923706055,520.0,3.0,220.0,4.0,30.700000762939453,31.700000762939453,30.700000762939453,31.600000381469727,47.5,27.5,971.0,20.0,675.0,16.0
1678819988241,7.599999904632568,30.700000762939453,49.29999923706055,520.0,3.0,220.0,4.0,30.299999237060547,31.700000762939453,30.299999237060547,31.700000762939453,47.5,26.5,971.0,20.0,675.0,16.0
1678820288253,7.5,30.299999237060547,49.20000076293945,520.0,3.0,220.0,4.0,30.299999237060547,31.700000762939453,30.299999237060547,31.700000762939453,47.5,26.5,971.0,20.0,675.0,16.0
1678820589240,7.599999904632568,30.299999237060547,49.20000076293945,520.0,3.0,220.0,4.0,30.299999237060547,31.700000762939453,30.299999237060547,31.700000762939453,47.5,25.200000762939453,971.0,20.0,675.0,16.0
1678820889245,7.599999904632568,30.299999237060547,49.099998474121094,520.0,3.0,220.0,4.0,30.299999237060547,31.700000762939453,30.299999237060547,31.700000762939453,47.5,25.200000762939453,971.0,20.0,675.0,16.0
1678821190252,7.699999809265137,30.299999237060547,48.79999923706055,520.0,3.0,220.0,4.0,29.899999618530273,31.600000381469727,29.899999618530273,31.600000381469727,47.5,33.20000076293945,971.0,20.0,675.0,16.0
1678821491245,7.800000190734863,29.899999618530273,48.79999923706055,520.0,3.0,220.0,4.0,29.899999618530273,31.5,29.899999618530273,31.5,47.5,34.20000076293945,971.0,20.0,675.0,16.0
1678821792240,7.900000095367432,30.299999237060547,48.79999923706055,520.0,3.0,220.0,4.0,30.299999237060547,31.399999618530273,30.299999237060547,31.399999618530273,47.5,34.20000076293945,971.0,20.0,675.0,16.0
1678822092248,7.800000190734863,30.299999237060547,48.70000076293945,520.0,3.0,220.0,4.0,30.299999237060547,31.5,30.299999237060547,31.399999618530273,47.5,34.20000076293945,971.0,20.0,675.0,16.0
1678822393242,7.900000095367432,30.299999237060547,48.599998474121094,520.0,3.0,220.0,4.0,30.299999237060547,31.399999618530273,30.299999237060547,31.399999618530273,47.5,34.20000076293945,971.0,20.0,675.0,16.0
1678822693247,7.900000095367432,30.700000762939453,48.400001525878906,520.0,3.0,220.0,4.0,30.299999237060547,31.399999618530273,30.299999237060547,31.399999618530273,47.5,34.20000076293945,971.0,20.0,675.0,16.0
1678822994243,8.0,30.700000762939453,48.400001525878906,520.0,3.0,220.0,4.0,30.700000762939453,31.399999618530273,30.700000762939453,31.399999618530273,47.5,34.20000076293945,971.0,20.0,675.0,16.0
1678823295244,8.0,30.299999237060547,48.400001525878906,520.0,3.0,220.0,4.0,31.100000381469727,31.399999618530273,31.100000381469727,31.399999618530273,47.5,34.20000076293945,971.0,20.0,675.0,16.0
1678823596240,8.0,30.700000762939453,48.29999923706055,520.0,3.0,220.0,4.0,31.100000381469727,31.399999618530273,31.100000381469727,31.399999618530273,47.5,34.20000076293945,971.0,20.0,675.0,16.0
1678823896241,8.0,30.700000762939453,48.29999923706055,520.0,3.0,220.0,4.0,30.700000762939453,31.399999618530273,30.700000762939453,31.399999618530273,47.5,35.5,971.0,20.0,675.0,16.0
1678824197243,8.0,31.100000381469727,48.20000076293945,520.0,4.0,220.0,4.0,30.700000762939453,31.399999618530273,30.700000762939453,31.399999618530273,47.5,35.5,971.0,22.0,675.0,16.0
1678824498241,8.100000381469727,30.700000762939453,48.0,520.0,4.0,220.0,4.0,31.100000381469727,31.299999237060547,31.100000381469727,31.299999237060547,47.5,35.5,971.0,22.0,675.0,16.0
1678824799246,8.0,31.100000381469727,48.0,520.0,4.0,220.0,4.0,31.100000381469727,27.100000381469727,31.100000381469727,27.200000762939453,47.5,35.5,971.0,22.0,675.0,16.0
1678825099250,7.599999904632568,31.600000381469727,48.0,520.0,4.0,220.0,4.0,31.600000381469727,27.399999618530273,31.600000381469727,27.399999618530273,47.5,35.5,971.0,22.0,675.0,16.0
1678825400251,7.300000190734863,31.600000381469727,48.0,520.0,4.0,220.0,4.0,31.600000381469727,27.700000762939453,31.600000381469727,27.799999237060547,47.5,35.5,971.0,22.0,675.0,16.0
1678825701237,7.0,31.600000381469727,48.0,520.0,4.0,220.0,4.0,31.600000381469727,27.899999618530273,31.600000381469727,27.899999618530273,47.5,35.5,971.0,22.0,675.0,16.0
1678826001247,6.800000190734863,31.600000381469727,47.79999923706055,520.0,4.0,220.0,4.0,31.600000381469727,28.100000381469727,31.600000381469727,28.100000381469727,47.5,35.5,971.0,22.0,675.0,16.0
1678826302245,6.699999809265137,31.600000381469727,47.70000076293945,520.0,4.0,220.0,4.0,32.0,28.100000381469727,32.0,28.100000381469727,47.5,35.5,971.0,22.0,675.0,16.0
1678826603249,6.5,32.0,47.5,520.0,4.0,220.0,4.0,31.600000381469727,28.299999237060547,31.600000381469727,28.299999237060547,47.5,34.20000076293945,971.0,22.0,675.0,16.0
1678826904239,6.400000095367432,31.100000381469727,47.5,520.0,4.0,220.0,4.0,31.600000381469727,28.399999618530273,31.600000381469727,28.399999618530273,47.5,33.20000076293945,971.0,22.0,675.0,16.0
1678827204242,6.400000095367432,31.100000381469727,47.5,520.0,4.0,220.0,4.0,31.100000381469727,28.399999618530273,31.100000381469727,28.299999237060547,47.5,31.899999618530273,971.0,22.0,675.0,16.0
1678827504248,6.400000095367432,31.100000381469727,47.5,520.0,4.0,220.0,4.0,31.100000381469727,28.399999618530273,31.100000381469727,28.299999237060547,47.5,31.899999618530273,971.0,22.0,675.0,16.0
1678827805247,6.400000095367432,31.100000381469727,47.29999923706055,520.0,4.0,220.0,4.0,31.100000381469727,28.399999618530273,31.100000381469727,28.399999618530273,47.5,30.799999237060547,971.0,24.0,675.0,16.0
1678828106242,6.5,31.100000381469727,47.20000076293945,520.0,4.0,220.0,4.0,31.100000381469727,28.299999237060547,31.100000381469727,28.299999237060547,47.5,29.799999237060547,971.0,24.0,675.0,16.0
1678828407239,6.5,31.100000381469727,47.099998474121094,520.0,4.0,220.0,4.0,31.100000381469727,28.299999237060547,31.100000381469727,28.299999237060547,47.5,29.799999237060547,971.0,24.0,675.0,16.0
1678828707240,6.5,30.700000762939453,47.099998474121094,520.0,4.0,220.0,4.0,30.700000762939453,28.299999237060547,30.700000762939453,28.299999237060547,47.5,29.799999237060547,971.0,24.0,675.0,16.0
1678829007243,6.5,30.700000762939453,46.79999923706055,520.0,4.0,220.0,4.0,30.700000762939453,28.299999237060547,30.700000762939453,28.299999237060547,47.5,28.5,971.0,24.0,675.0,16.0
1678829307249,6.400000095367432,30.700000762939453,46.70000076293945,520.0,4.0,220.0,4.0,30.700000762939453,28.399999618530273,30.700000762939453,28.399999618530273,47.5,28.5,971.0,24.0,675.0,16.0
1678829608247,6.400000095367432,30.700000762939453,46.70000076293945,520.0,4.0,220.0,4.0,30.700000762939453,28.399999618530273,30.700000762939453,28.399999618530273,47.5,27.5,971.0,24.0,675.0,16.0
1678829909238,6.300000190734863,30.299999237060547,46.599998474121094,520.0,4.0,220.0,4.0,30.700000762939453,28.399999618530273,30.700000762939453,28.399999618530273,47.5,27.5,971.0,24.0,675.0,16.0
1678830209241,6.300000190734863,30.299999237060547,46.599998474121094,520.0,4.0,220.0,4.0,30.700000762939453,28.399999618530273,30.700000762939453,28.399999618530273,47.5,26.5,971.0,24.0,675.0,16.0
1678830509242,6.300000190734863,30.299999237060547,46.400001525878906,520.0,4.0,220.0,4.0,30.299999237060547,28.399999618530273,30.299999237060547,28.399999618530273,47.5,26.5,971.0,24.0,675.0,16.0
1678830809250,6.199999809265137,30.299999237060547,46.400001525878906,520.0,4.0,220.0,4.0,29.899999618530273,28.5,29.899999618530273,28.399999618530273,47.5,25.200000762939453,971.0,24.0,675.0,16.0
1678831110245,6.199999809265137,29.899999618530273,46.29999923706055,520.0,4.0,220.0,4.0,30.299999237060547,28.5,30.299999237060547,28.5,47.5,25.200000762939453,971.0,24.0,675.0,16.0
1678831410254,6.199999809265137,29.899999618530273,46.29999923706055,520.0,4.0,220.0,4.0,29.899999618530273,28.5,29.899999618530273,28.600000381469727,47.5,25.200000762939453,971.0,24.0,675.0,16.0
1678831711243,6.0,29.899999618530273,46.29999923706055,520.0,4.0,220.0,4.0,29.899999618530273,28.700000762939453,29.899999618530273,28.700000762939453,47.5,24.100000381469727,971.0,24.0,675.0,16.0
1678832012238,6.0,29.899999618530273,46.29999923706055,520.0,4.0,220.0,4.0,29.899999618530273,28.700000762939453,29.899999618530273,28.700000762939453,47.5,23.100000381469727,971.0,24.0,675.0,16.0
1678832312243,5.900000095367432,29.899999618530273,46.29999923706055,520.0,4.0,220.0,4.0,29.5,28.700000762939453,29.5,28.700000762939453,47.5,23.100000381469727,971.0,24.0,675.0,16.0
1678832613242,5.900000095367432,29.5,46.099998474121094,520.0,4.0,220.0,4.0,29.5,28.700000762939453,29.5,28.799999237060547,47.5,23.100000381469727,971.0,24.0,675.0,16.0
1678832913246,5.699999809265137,29.5,46.0,520.0,4.0,220.0,4.0,29.5,28.899999618530273,29.5,28.899999618530273,47.5,23.100000381469727,971.0,24.0,675.0,16.0
1678833214247,5.599999904632568,29.5,45.900001525878906,520.0,4.0,220.0,4.0,29.5,29.0,29.5,29.0,47.5,22.100000381469727,971.0,24.0,675.0,16.0
1678833515244,5.599999904632568,29.5,45.79999923706055,520.0,4.0,220.0,4.0,29.5,29.0,29.5,29.0,47.5,22.100000381469727,971.0,24.0,675.0,16.0
1678833816241,5.599999904632568,29.100000381469727,45.79999923706055,520.0,4.0,220.0,4.0,29.100000381469727,29.0,29.100000381469727,29.0,47.5,20.799999237060547,971.0,24.0,675.0,16.0
1678834116243,5.5,29.100000381469727,45.79999923706055,520.0,4.0,220.0,4.0,29.100000381469727,29.0,29.100000381469727,29.0,47.5,20.799999237060547,971.0,24.0,675.0,16.0
1678834416250,5.5,29.100000381469727,45.79999923706055,520.0,4.0,220.0,4.0,29.100000381469727,29.0,29.100000381469727,29.0,47.5,20.799999237060547,971.0,24.0,675.0,16.0
1678834717244,5.5,29.100000381469727,45.70000076293945,520.0,0.0,220.0,0.0,29.100000381469727,29.0,29.100000381469727,29.0,47.5,19.799999237060547,971.0,24.0,675.0,16.0
